Trinity id,sseqid,pident,length,mismatch,gapopen,qstart,qend,sstart,send,evalue,bitscore,Editing location RNA,original AA,edited AA,Editing location AA,Protein sequence (Entrez),AA in protein sequence
comp2445621_c0_seq1,QHX41562.1,96.61,118,4,0,1,354,727,844,4.08e-77,247.0,113.0,Y,C,765,">QHX41562.1 reelin-like, partial [Octopus vulgaris]
MMCLSNCNGHGSCGSSMLCECDEGYGGDSCTPLQQHPTSMKEEFKEPVVGGSSAVRDYFQ
KPSSQLLEAQTALDEKKWFIWSNGRITPKECGLLIRGASLYFGENGDRVLISKDLDLSRV
SIVQFFLRLGCKASPPSTGTPPVYVQYSVDGGITWHTFEQFDFSYESNKPEYIVLHLPEK
ARTNSTKLQWWQPSTDGIFTEQWAVDQIYVGGDIDGTEMLLDEPTIPQDTNWLLYPGGEI
KKVCGSATEALSFEDEGNMRYAISRDVTTYSGTFIQFEVSMGCEDTKQCYGMDLQFSLDM
GVTWELFQTACTPSDIDCASYHQSSRFMSDIYHGWNRITLPVPYYAKSKSTRFRWIQHAP
FNKEHHWALRALYIGKKCPQLCSGHGNCIGHVCRCDSNWQGADCHQPKNPLPTILKDSFT
DADISAQNWLKIAGAKITNTCTNLASGMAIHFIGGCSRILISTDLDLRDSKFIQFYFMFG
CNTAPLIRNQGVLVDYSADGGISWSHITELYYNQYKAPKFVNIKIPQGARKEGVRVRWWQ
PENDGKLLRDWALDDIVIGGNMVNPVNVTSNFTTDFVEHEWLTTNNLEIGEYCGQPESAV
AKPVAGEGAKLTTRDVKIEDDYILQFSINVGCGAPWNSSISPVHLQYSVNYGKNWYYVTP
QCMTKDPQCNTEASVKTVYYTTFGWQRVIIPLTGHVVSSATRFQWFQIMPGQQEDSKDGK
EWAIRDIYIGKACADMCHGHGFCDNGQCLCDEGYMWATCHPMGYLYQPTQLKDTFNEPSI
NRSNWFLVQGAAIYNACTELVDGTALVFSGKGMRLAETWDLDLRDAIFIMYTAIIGGTQQ
SGECVEPSSRDQSVILQYSINGGIIWHTIYTLDYKYYQHPKTDYLKLPFPARTGSTRIRW
WQPMPLDDLEVFPSWALDNVYIGGSEINPSLLWLNFTQGMHELWSNWEFSPRGQVSKDFC
YKTEHSLTWNNDKRQKSLTTNQLIVQEDSILQFKIAIGCNNKFNSCIPNSPVHLEFRKNP
SVGKWEHLLPICLPDNNVLMSCRPHIHHKASIMHADEYPTWTRYTLKLPDKAHSSSTQIR
WVQKHVEGAVSPPWALDEIYIGETCPDMCNGRGDCRKGRCFCEPGTVGTTCAPDQTKLLQ
RLTDSFEGSMITHYWESIKGGGIGLGCGALYPYAHGKSLYFNGCGQRHVITQPMNLFTGG
KIIFILQIGCHSQTEECNINLQNKTHFRGVLLQYSINKGVEWKLLARHEPSDYLNPKRVA
YDIPSKVGVQFRWWQPEHGGKGHDQWAIDNVEILAVKNRKNRPHLSR
",60
comp146813_c0_seq1,QBA31127.1,98.592,142,2,0,273,698,1,142,4.6199999999999997e-94,289.0,553.0,Q,R,95,">QBA31127.1 protocadherin, partial [Octopus vulgaris]
MLQLINSADTRGNMLVLVYILHLFLHTCMCVDLAYPVQEEKSPGTYIGDIAADSQLLNSV
SSQDHNLITFNQLSQKETSQLFNISKSGKLFTSQKLDAESLCSYSTECSRTIKVAVKQAE
TFIKILKIKVTIEDVNDHQPEFPVKQIKLIFDESHGKGTAKSIPNAVDEDVGIMNSKISY
RLKKHDNEPFRLSVSKKVDGTSKLRISLDEKLDRESKDSYFLQLVAEDGGFPSQHGILNI
EISVIDVNDNPPIFSKDIYNVSIKNTHHRASPVTVLSATDLDSGDNGRIIYHFSSKTSEI
VKNSFQLNNVTGEIFFLNVFPVTQTRKYKLFVEATDRGTPPLSSIVLLLVNVINQQNRAP
EIDVNFVSALKKNTAAISERIKVGSFIAYVSVIDNDVGLNGEVTCDLKSDKFQLLKISSK
EYKVLMKNTVDRETESNYNISIICRDKGSPALKTERKFSIQVMDVNDVQPKFTKDTFKFL
TYENEKSNFPVGFINATDLDLGNGGQLTYFIIDRNNMFPFQITDYGFISTIRSLDRERRD
IYKFRVLVKDNGTPSLNSTANVIVEVMDENDNAPYFTFPSVNPFSLDVHYHPQSKNDITV
LRASDRDSRENAFLKYEMLDRKNHQLFTVNPYTGVLSFARKVYQND
",60
comp146813_c0_seq1,QBA31127.1,98.592,142,2,0,273,698,1,142,4.6199999999999997e-94,289.0,520.0,N,S,84,">QBA31127.1 protocadherin, partial [Octopus vulgaris]
MLQLINSADTRGNMLVLVYILHLFLHTCMCVDLAYPVQEEKSPGTYIGDIAADSQLLNSV
SSQDHNLITFNQLSQKETSQLFNISKSGKLFTSQKLDAESLCSYSTECSRTIKVAVKQAE
TFIKILKIKVTIEDVNDHQPEFPVKQIKLIFDESHGKGTAKSIPNAVDEDVGIMNSKISY
RLKKHDNEPFRLSVSKKVDGTSKLRISLDEKLDRESKDSYFLQLVAEDGGFPSQHGILNI
EISVIDVNDNPPIFSKDIYNVSIKNTHHRASPVTVLSATDLDSGDNGRIIYHFSSKTSEI
VKNSFQLNNVTGEIFFLNVFPVTQTRKYKLFVEATDRGTPPLSSIVLLLVNVINQQNRAP
EIDVNFVSALKKNTAAISERIKVGSFIAYVSVIDNDVGLNGEVTCDLKSDKFQLLKISSK
EYKVLMKNTVDRETESNYNISIICRDKGSPALKTERKFSIQVMDVNDVQPKFTKDTFKFL
TYENEKSNFPVGFINATDLDLGNGGQLTYFIIDRNNMFPFQITDYGFISTIRSLDRERRD
IYKFRVLVKDNGTPSLNSTANVIVEVMDENDNAPYFTFPSVNPFSLDVHYHPQSKNDITV
LRASDRDSRENAFLKYEMLDRKNHQLFTVNPYTGVLSFARKVYQND
",60
comp2156531_c0_seq1,BAD67168.1,100.0,54,0,0,3,164,366,419,1.4099999999999999e-30,110.0,90.0,S,G,396,">BAD67168.1 octopressin receptor [Octopus vulgaris]
MENFTEENLHPWITTTTRVYNNVTIFPQYDDELGKFEIMVLCILCFMALFGNAVVLIVLR
IKKTTLTRMQLLIVYLSVTDISVALFHILPTIILKINVYFLGDISACRVYQFITVAELYA
SSFVLIVTALDRYISICHPLAAHMWTNRRVHMTTALALFLALMCSLPQLDAVLVDFHGGK
LCRPNLTTELANIAYSWWAFCSVFFVPLLLLIFFYGRICFVVWQSMRGRECTQSVGSSAS
RYVRKPIKCRISSQTSSENRVKNYSDARDKDSSRNPRAICRGVSKSKIKTIKLTFSVVAC
FIICYTPFFTVLMARTYDAELSSAQTPALVILSLLPSLNSCTNPWIYLAFSGKVWCRQQS
QNFPRTWTQTTNTYLVELEAKKRTSFGAEHVTFASNSTARKTLNVDDTNTTALMSSSPC
",60
comp2156531_c0_seq1,BAD67172.1,100.0,54,0,0,3,164,366,419,1.4099999999999999e-30,110.0,90.0,S,G,396,">BAD67172.1 octopressin receptor [Octopus vulgaris]
MENFTEENLHPWITTTTRVYNNVTIFPQYDDELGKFEIMVLCILCFMALFGNAVVLIVLR
IKKTTLTRMQLLIVYLSVTDISVALFHILPTIILKINVYFLGDISACRVYQFITVAELYA
SSFVLIVTALDRYISICHPLAAHMWTNRRVHMTTALALFLALMCSLPQLDAVLVDFHGGK
LCRPNLTTELANIAYSWWAFCSVFFVPLLLLIFFYGRICFVVWQSMRGRECTQSVGSSAS
RYVRKPIKCRISSQTSSENRVKNYSDARDKDSSRNPRAICRGVSKSKIKTIKLTFSVVAC
FIICYTPFFTVLMARTYDAELSSAQTPALVILSLLPSLNSCTNPWIYLAFSGKVWCRQQS
QNFPRTWTQTTNTYLVELEAKKRTSFGAEHVTFASNSTARKTLNVDDTNTTALMSSSPC
",60
comp147390_c1_seq1,QBA31122.1,100.0,75,0,0,2,226,511,585,2.31e-46,155.0,64.0,I,M,533,">QBA31122.1 protocadherin, partial [Octopus vulgaris]
MYLHVCVLLLLLWDYSFCIDFTYHVKEGQSPGLFIGDIASDTEVLRSIPPRDHSFIRFSL
LQENTAVNSQLFNVSKTGRLYTSQILDAEPLCKYNKECSKIIEIAVQNKKSFVKILEIKV
LIEDINDHQPEFANDKINLEFSEGDAIGMAKSIPNAIDRDVSILNSQIVYYLKKDLDDPF
NLSVLKTVDGASKLEIILIKRLNREIRDTYNLEVVAKDKGSPPQNGVLYVQISVTDENDN
SPVFTKTLYNISLRNTQERSHPIVKLSATDNDKGKNGKVTYSFSSKMTEPSKKYFRLNAE
TGEILLSQHFQSEMKQNYQLFIDAKDGGNPPMRATAIVFINMINHENNPPKINVKFFSKT
AENKATISEDIEVGSFIAYVKITDNDIGQNGEVECKLKHNKFMLQKMGRKKYKVVVQKTV
NREIEDYTDFIIICEDKGSPPLQTEKKFLIKIMDVNDVQPSFTKNTFKFLTYENEDSNFP
VGLINATDPDLGPGGKLTYSFLDDNNFFPFKISNFGFIATTQSLDREKQEIYNMKVIVKD
NGVPSLSSTANIIIEVMDKNDNAPYFTFPSFDPFNIDVHYHPQSKSDITTLRASDRDSHV
NSFLRYEIFGGNNKQLFKVNPYTGVLSFSRTVYQN
",60
comp147390_c1_seq1,QBA31122.1,100.0,75,0,0,2,226,511,585,2.31e-46,155.0,80.0,I,V,538,">QBA31122.1 protocadherin, partial [Octopus vulgaris]
MYLHVCVLLLLLWDYSFCIDFTYHVKEGQSPGLFIGDIASDTEVLRSIPPRDHSFIRFSL
LQENTAVNSQLFNVSKTGRLYTSQILDAEPLCKYNKECSKIIEIAVQNKKSFVKILEIKV
LIEDINDHQPEFANDKINLEFSEGDAIGMAKSIPNAIDRDVSILNSQIVYYLKKDLDDPF
NLSVLKTVDGASKLEIILIKRLNREIRDTYNLEVVAKDKGSPPQNGVLYVQISVTDENDN
SPVFTKTLYNISLRNTQERSHPIVKLSATDNDKGKNGKVTYSFSSKMTEPSKKYFRLNAE
TGEILLSQHFQSEMKQNYQLFIDAKDGGNPPMRATAIVFINMINHENNPPKINVKFFSKT
AENKATISEDIEVGSFIAYVKITDNDIGQNGEVECKLKHNKFMLQKMGRKKYKVVVQKTV
NREIEDYTDFIIICEDKGSPPLQTEKKFLIKIMDVNDVQPSFTKNTFKFLTYENEDSNFP
VGLINATDPDLGPGGKLTYSFLDDNNFFPFKISNFGFIATTQSLDREKQEIYNMKVIVKD
NGVPSLSSTANIIIEVMDKNDNAPYFTFPSFDPFNIDVHYHPQSKSDITTLRASDRDSHV
NSFLRYEIFGGNNKQLFKVNPYTGVLSFSRTVYQN
",60
comp156552_c0_seq2,QBA31129.1,98.71,465,6,0,2,1396,394,858,0.0,853.0,827.0,S,G,670,">QBA31129.1 protocadherin [Octopus vulgaris]
MGRLLRFGFLILFFLPKYSASNLIYHVKEEKAIGSYIGNIAADSHLSDRVVPEHVPFITF
SQLQRRGSNSISQLFNVSSNGKLFTAQALDAETLCIYNKECFRIVKVAVRKANKFMKILK
IKVIIQDINDHVPQFPVKQVNIQFSERDGKGSKISVPNAIDKDVGILNSQITYQLRNNNN
RLFSLSVFKRIDGRANLAIILEGKLNREEKDTYMLQIVAKDGGSLPMQSVLNVQIAVNDV
NDNPPVFSHQMYNVSIKNTHQMSLPVVVLAAKDLDAGENSKILYHFSPKTSDEAKSHFEL
NKTTGEILLKKIFPVGQKVVYKLFVDATDGGEPPLSSTAIVLVNVMNQQNNAPNIEVDFV
FTLTENVASISEDIEAGSFLAYVMVTDNDMGLNGEVNCELQHDKFQLLNFGFKEYKVIVK
NSVDREKEDHYDIVIKCSDRGSPPLRAENRFSIRVTDVNDVKPQFTKDTFKFLTYENEKS
NFPVGFINATDPDLELGGQLTYFLLGTDTNDIPFQITNYGFISTKSSLDREQQEVYKFKV
FVKDNGTPPLNSTANIIVKVVDENDNAPYFTFPSVDPFSLDFYYHPQSKNDLTVLKASDR
DNQENAFLKYEIIGGNDKHLFTVNPYTGVLSFSRTVYQNDAGTYDLKFMVKDSGMPSLSA
ATTLTLSLSVSNTTSPMLAAVHQQSDSLIDVTWVVIIVPVAVVLSVVIVISVTLCVIRTR
NQNRALQHTAISASKHPRNEMRQLISQSNNTVPVSCNPDDIMGGSSISMHGQLYPVDESR
NEWKSSSLSRWSQRTPQMYHQPIAVTSGEVSQHNTAATLTNYLHDTLRTQQRPNEPEWSE
AWQSAGGGAVASKDFVHS
",60
comp156552_c0_seq2,QBA31129.1,98.71,465,6,0,2,1396,394,858,0.0,853.0,908.0,I,V,697,">QBA31129.1 protocadherin [Octopus vulgaris]
MGRLLRFGFLILFFLPKYSASNLIYHVKEEKAIGSYIGNIAADSHLSDRVVPEHVPFITF
SQLQRRGSNSISQLFNVSSNGKLFTAQALDAETLCIYNKECFRIVKVAVRKANKFMKILK
IKVIIQDINDHVPQFPVKQVNIQFSERDGKGSKISVPNAIDKDVGILNSQITYQLRNNNN
RLFSLSVFKRIDGRANLAIILEGKLNREEKDTYMLQIVAKDGGSLPMQSVLNVQIAVNDV
NDNPPVFSHQMYNVSIKNTHQMSLPVVVLAAKDLDAGENSKILYHFSPKTSDEAKSHFEL
NKTTGEILLKKIFPVGQKVVYKLFVDATDGGEPPLSSTAIVLVNVMNQQNNAPNIEVDFV
FTLTENVASISEDIEAGSFLAYVMVTDNDMGLNGEVNCELQHDKFQLLNFGFKEYKVIVK
NSVDREKEDHYDIVIKCSDRGSPPLRAENRFSIRVTDVNDVKPQFTKDTFKFLTYENEKS
NFPVGFINATDPDLELGGQLTYFLLGTDTNDIPFQITNYGFISTKSSLDREQQEVYKFKV
FVKDNGTPPLNSTANIIVKVVDENDNAPYFTFPSVDPFSLDFYYHPQSKNDLTVLKASDR
DNQENAFLKYEIIGGNDKHLFTVNPYTGVLSFSRTVYQNDAGTYDLKFMVKDSGMPSLSA
ATTLTLSLSVSNTTSPMLAAVHQQSDSLIDVTWVVIIVPVAVVLSVVIVISVTLCVIRTR
NQNRALQHTAISASKHPRNEMRQLISQSNNTVPVSCNPDDIMGGSSISMHGQLYPVDESR
NEWKSSSLSRWSQRTPQMYHQPIAVTSGEVSQHNTAATLTNYLHDTLRTQQRPNEPEWSE
AWQSAGGGAVASKDFVHS
",60
comp156552_c0_seq2,QBA31129.1,98.71,465,6,0,2,1396,394,858,0.0,853.0,1284.0,N,S,822,">QBA31129.1 protocadherin [Octopus vulgaris]
MGRLLRFGFLILFFLPKYSASNLIYHVKEEKAIGSYIGNIAADSHLSDRVVPEHVPFITF
SQLQRRGSNSISQLFNVSSNGKLFTAQALDAETLCIYNKECFRIVKVAVRKANKFMKILK
IKVIIQDINDHVPQFPVKQVNIQFSERDGKGSKISVPNAIDKDVGILNSQITYQLRNNNN
RLFSLSVFKRIDGRANLAIILEGKLNREEKDTYMLQIVAKDGGSLPMQSVLNVQIAVNDV
NDNPPVFSHQMYNVSIKNTHQMSLPVVVLAAKDLDAGENSKILYHFSPKTSDEAKSHFEL
NKTTGEILLKKIFPVGQKVVYKLFVDATDGGEPPLSSTAIVLVNVMNQQNNAPNIEVDFV
FTLTENVASISEDIEAGSFLAYVMVTDNDMGLNGEVNCELQHDKFQLLNFGFKEYKVIVK
NSVDREKEDHYDIVIKCSDRGSPPLRAENRFSIRVTDVNDVKPQFTKDTFKFLTYENEKS
NFPVGFINATDPDLELGGQLTYFLLGTDTNDIPFQITNYGFISTKSSLDREQQEVYKFKV
FVKDNGTPPLNSTANIIVKVVDENDNAPYFTFPSVDPFSLDFYYHPQSKNDLTVLKASDR
DNQENAFLKYEIIGGNDKHLFTVNPYTGVLSFSRTVYQNDAGTYDLKFMVKDSGMPSLSA
ATTLTLSLSVSNTTSPMLAAVHQQSDSLIDVTWVVIIVPVAVVLSVVIVISVTLCVIRTR
NQNRALQHTAISASKHPRNEMRQLISQSNNTVPVSCNPDDIMGGSSISMHGQLYPVDESR
NEWKSSSLSRWSQRTPQMYHQPIAVTSGEVSQHNTAATLTNYLHDTLRTQQRPNEPEWSE
AWQSAGGGAVASKDFVHS
",60
comp176302_c0_seq4,QHX41536.1,98.995,398,4,0,3,1196,22,419,0.0,779.0,342.0,S,G,136,">QHX41536.1 neuropeptide F receptor-like [Octopus vulgaris]
MTSSATITTERIFNQTMKVPFHFSINDAKTILQQEAESKWFTPTAEMFFIFSYSVLICFG
SVGNSLVCYIVMRSPGMRTARNMFIFNLAISDLSLCLFTQSLNLYRTLNNQWKLGAFMCK
FGSLFQGINIFVSTSSIMAIALYRFQVIVHPTISGVRWRLRVTVALIAIWVVSFLLASPL
LVFTIHKSSQPIEQVDIYLYHCIEDVRLRLEKGAYSVASLIFQYLGPGIIVILAHTKIFS
KLNYRIVNRSQMTPALHNSCGYKSQERKAKRKRKTKILLTTIAVVFALSWLPLNVFNILI
DFKGSAFIHKNIDVNLTFGICHLLVLSSACTNPVLYGWLNENFRREFFSILSCCICASNF
RKRLRSLRATTRADDDHEIAVYQQSDYPGEQSIPKDRYLHKSLPVEIGTPATYQVTASV
",60
comp176302_c0_seq4,QHX41536.1,98.995,398,4,0,3,1196,22,419,0.0,779.0,1123.0,K,R,396,">QHX41536.1 neuropeptide F receptor-like [Octopus vulgaris]
MTSSATITTERIFNQTMKVPFHFSINDAKTILQQEAESKWFTPTAEMFFIFSYSVLICFG
SVGNSLVCYIVMRSPGMRTARNMFIFNLAISDLSLCLFTQSLNLYRTLNNQWKLGAFMCK
FGSLFQGINIFVSTSSIMAIALYRFQVIVHPTISGVRWRLRVTVALIAIWVVSFLLASPL
LVFTIHKSSQPIEQVDIYLYHCIEDVRLRLEKGAYSVASLIFQYLGPGIIVILAHTKIFS
KLNYRIVNRSQMTPALHNSCGYKSQERKAKRKRKTKILLTTIAVVFALSWLPLNVFNILI
DFKGSAFIHKNIDVNLTFGICHLLVLSSACTNPVLYGWLNENFRREFFSILSCCICASNF
RKRLRSLRATTRADDDHEIAVYQQSDYPGEQSIPKDRYLHKSLPVEIGTPATYQVTASV
",60
comp163360_c0_seq1,QHX41509.1,97.949,195,4,0,2,586,151,345,1.6599999999999999e-140,405.0,110.0,T,A,188,">QHX41509.1 adenosine kinase-like [Octopus vulgaris]
MADTVSEGILLGLGNPLLDITVVCPDNALLDKYGLLANNAIIAAEVHHPLYEEMVKNYKP
EYLPGGATLNSVRVAQWLLQKPNATTFFGGVGQDKYAEILKKKSIDVGVNVRYQVHSDVQ
TGVCGAIITGEDRSLVTELGAAQHFCVDFLKKPENWKLVEAAQCYYAGGFILPVSKESVL
ALAHHSTENKKTMVINLHATFLCGMFADPKINILPYIDILFGNSDEAAEFCSIMGFPNKD
LKQMALQVAALPKVNSERERIVVFTQGRDPTIVAQGGKVSEYPVETVDHDLIKDTNGCGD
SFVGGFLSQWVLGRSVQDCVRCGFYAAKVVIQHYGCQYPAKPNFV
",60
comp163360_c0_seq1,QHX41509.1,97.949,195,4,0,2,586,151,345,1.6599999999999999e-140,405.0,184.0,I,M,213,">QHX41509.1 adenosine kinase-like [Octopus vulgaris]
MADTVSEGILLGLGNPLLDITVVCPDNALLDKYGLLANNAIIAAEVHHPLYEEMVKNYKP
EYLPGGATLNSVRVAQWLLQKPNATTFFGGVGQDKYAEILKKKSIDVGVNVRYQVHSDVQ
TGVCGAIITGEDRSLVTELGAAQHFCVDFLKKPENWKLVEAAQCYYAGGFILPVSKESVL
ALAHHSTENKKTMVINLHATFLCGMFADPKINILPYIDILFGNSDEAAEFCSIMGFPNKD
LKQMALQVAALPKVNSERERIVVFTQGRDPTIVAQGGKVSEYPVETVDHDLIKDTNGCGD
SFVGGFLSQWVLGRSVQDCVRCGFYAAKVVIQHYGCQYPAKPNFV
",60
comp163360_c0_seq1,QHX41509.1,97.949,195,4,0,2,586,151,345,1.6599999999999999e-140,405.0,185.0,N,D,213,">QHX41509.1 adenosine kinase-like [Octopus vulgaris]
MADTVSEGILLGLGNPLLDITVVCPDNALLDKYGLLANNAIIAAEVHHPLYEEMVKNYKP
EYLPGGATLNSVRVAQWLLQKPNATTFFGGVGQDKYAEILKKKSIDVGVNVRYQVHSDVQ
TGVCGAIITGEDRSLVTELGAAQHFCVDFLKKPENWKLVEAAQCYYAGGFILPVSKESVL
ALAHHSTENKKTMVINLHATFLCGMFADPKINILPYIDILFGNSDEAAEFCSIMGFPNKD
LKQMALQVAALPKVNSERERIVVFTQGRDPTIVAQGGKVSEYPVETVDHDLIKDTNGCGD
SFVGGFLSQWVLGRSVQDCVRCGFYAAKVVIQHYGCQYPAKPNFV
",60
comp163360_c0_seq1,QHX41509.1,97.949,195,4,0,2,586,151,345,1.6599999999999999e-140,405.0,186.0,N,S,213,">QHX41509.1 adenosine kinase-like [Octopus vulgaris]
MADTVSEGILLGLGNPLLDITVVCPDNALLDKYGLLANNAIIAAEVHHPLYEEMVKNYKP
EYLPGGATLNSVRVAQWLLQKPNATTFFGGVGQDKYAEILKKKSIDVGVNVRYQVHSDVQ
TGVCGAIITGEDRSLVTELGAAQHFCVDFLKKPENWKLVEAAQCYYAGGFILPVSKESVL
ALAHHSTENKKTMVINLHATFLCGMFADPKINILPYIDILFGNSDEAAEFCSIMGFPNKD
LKQMALQVAALPKVNSERERIVVFTQGRDPTIVAQGGKVSEYPVETVDHDLIKDTNGCGD
SFVGGFLSQWVLGRSVQDCVRCGFYAAKVVIQHYGCQYPAKPNFV
",60
comp163360_c0_seq1,QHX41509.1,97.949,195,4,0,2,586,151,345,1.6599999999999999e-140,405.0,188.0,I,V,214,">QHX41509.1 adenosine kinase-like [Octopus vulgaris]
MADTVSEGILLGLGNPLLDITVVCPDNALLDKYGLLANNAIIAAEVHHPLYEEMVKNYKP
EYLPGGATLNSVRVAQWLLQKPNATTFFGGVGQDKYAEILKKKSIDVGVNVRYQVHSDVQ
TGVCGAIITGEDRSLVTELGAAQHFCVDFLKKPENWKLVEAAQCYYAGGFILPVSKESVL
ALAHHSTENKKTMVINLHATFLCGMFADPKINILPYIDILFGNSDEAAEFCSIMGFPNKD
LKQMALQVAALPKVNSERERIVVFTQGRDPTIVAQGGKVSEYPVETVDHDLIKDTNGCGD
SFVGGFLSQWVLGRSVQDCVRCGFYAAKVVIQHYGCQYPAKPNFV
",60
comp163360_c0_seq1,QHX41509.1,97.949,195,4,0,2,586,151,345,1.6599999999999999e-140,405.0,251.0,M,V,235,">QHX41509.1 adenosine kinase-like [Octopus vulgaris]
MADTVSEGILLGLGNPLLDITVVCPDNALLDKYGLLANNAIIAAEVHHPLYEEMVKNYKP
EYLPGGATLNSVRVAQWLLQKPNATTFFGGVGQDKYAEILKKKSIDVGVNVRYQVHSDVQ
TGVCGAIITGEDRSLVTELGAAQHFCVDFLKKPENWKLVEAAQCYYAGGFILPVSKESVL
ALAHHSTENKKTMVINLHATFLCGMFADPKINILPYIDILFGNSDEAAEFCSIMGFPNKD
LKQMALQVAALPKVNSERERIVVFTQGRDPTIVAQGGKVSEYPVETVDHDLIKDTNGCGD
SFVGGFLSQWVLGRSVQDCVRCGFYAAKVVIQHYGCQYPAKPNFV
",60
comp163360_c0_seq1,QHX41509.1,97.949,195,4,0,2,586,151,345,1.6599999999999999e-140,405.0,365.0,I,V,273,">QHX41509.1 adenosine kinase-like [Octopus vulgaris]
MADTVSEGILLGLGNPLLDITVVCPDNALLDKYGLLANNAIIAAEVHHPLYEEMVKNYKP
EYLPGGATLNSVRVAQWLLQKPNATTFFGGVGQDKYAEILKKKSIDVGVNVRYQVHSDVQ
TGVCGAIITGEDRSLVTELGAAQHFCVDFLKKPENWKLVEAAQCYYAGGFILPVSKESVL
ALAHHSTENKKTMVINLHATFLCGMFADPKINILPYIDILFGNSDEAAEFCSIMGFPNKD
LKQMALQVAALPKVNSERERIVVFTQGRDPTIVAQGGKVSEYPVETVDHDLIKDTNGCGD
SFVGGFLSQWVLGRSVQDCVRCGFYAAKVVIQHYGCQYPAKPNFV
",60
comp163360_c0_seq1,QHX41509.1,97.949,195,4,0,2,586,151,345,1.6599999999999999e-140,405.0,525.0,Y,C,326,">QHX41509.1 adenosine kinase-like [Octopus vulgaris]
MADTVSEGILLGLGNPLLDITVVCPDNALLDKYGLLANNAIIAAEVHHPLYEEMVKNYKP
EYLPGGATLNSVRVAQWLLQKPNATTFFGGVGQDKYAEILKKKSIDVGVNVRYQVHSDVQ
TGVCGAIITGEDRSLVTELGAAQHFCVDFLKKPENWKLVEAAQCYYAGGFILPVSKESVL
ALAHHSTENKKTMVINLHATFLCGMFADPKINILPYIDILFGNSDEAAEFCSIMGFPNKD
LKQMALQVAALPKVNSERERIVVFTQGRDPTIVAQGGKVSEYPVETVDHDLIKDTNGCGD
SFVGGFLSQWVLGRSVQDCVRCGFYAAKVVIQHYGCQYPAKPNFV
",60
comp163360_c0_seq1,QHX41509.1,97.949,195,4,0,2,586,151,345,1.6599999999999999e-140,405.0,534.0,K,R,329,">QHX41509.1 adenosine kinase-like [Octopus vulgaris]
MADTVSEGILLGLGNPLLDITVVCPDNALLDKYGLLANNAIIAAEVHHPLYEEMVKNYKP
EYLPGGATLNSVRVAQWLLQKPNATTFFGGVGQDKYAEILKKKSIDVGVNVRYQVHSDVQ
TGVCGAIITGEDRSLVTELGAAQHFCVDFLKKPENWKLVEAAQCYYAGGFILPVSKESVL
ALAHHSTENKKTMVINLHATFLCGMFADPKINILPYIDILFGNSDEAAEFCSIMGFPNKD
LKQMALQVAALPKVNSERERIVVFTQGRDPTIVAQGGKVSEYPVETVDHDLIKDTNGCGD
SFVGGFLSQWVLGRSVQDCVRCGFYAAKVVIQHYGCQYPAKPNFV
",60
comp174431_c0_seq1,UUA79829.1,96.0,350,14,0,406,1455,1,350,0.0,672.0,470.0,K,R,23,">UUA79829.1 GDP-fucose transporter 1-like [Octopus vulgaris]
MKLHVYDNKDKRMESFLYKSLKIASVVAFYWFISISMVFINKYLLSSKQLKLDAPLFITW
YQCFITVILCAVFSFISFFLPNLVKFPSMKLELKICRSTLPLSIIFVLMISFNNLCLKYV
DVAFYYIGRSLTTIFNVVFSYIILKQGTSKAALVCCGIIIGGFLLGVDQEGVSGSLSVTG
VIFGVLASASVALNAIYTKKILPMVDHNIWRLTLYNNVNATILFLPLILINGELSTIISF
PYIRSLHFWNIMSISGILGFAIGYATGLQIQLTSPLTHNISGTAKACAQTVVAAMYFSER
RSLLWWISNVTVLLGSGGYTEVKRREMKIAHKEETQVLTEEKAPREITVK
",I
comp181628_c0_seq1,QBA31123.1,99.145,117,1,0,2,352,481,597,2.39e-78,242.0,206.0,N,D,550,">QBA31123.1 protocadherin, partial [Octopus vulgaris]
MLVQISILIFTLRFCMSIDLTYYINEGKSPGTYVGDIAADTMSYDKIPSKDHSQITFSQL
QQDSSTGLQLFNVSKAGRLYTVERLDAESICKYNVECFKIVEVAVKQDESFIIILEVKVI
IKDANDNAPEFPVKMVELKFSEGDGEGMKKFIPNAIDKDVGVHNSQITYNLRKNDIEVPF
NLTVTKKLDGTAKLLIILAKRLDREVKDTYMLRVIAKDGGSPMKQSILSVKILVADVNDN
PPVFTQNIYNVSLRNTHQISIPIAKLSATDLDADKNGQVSYHFSSKTSDQIMKNFQLDKK
SGEIFLSETFSFQKRLTYALYIEARDEGSPPMSSTAILQVNVINQQNNAPSMDVKFMSES
ADNLATISEGVKVGSFIAYVKIIDNDIGQNGIVSCSLVHDKLKLQSLGKKKYKVVVKKAV
DRETEKNINFMITCQDRGFPSLKIERKFSIQITDVNDVQPEFTKDTFKFLTYENEEANFP
VGFINATDPDLGLGGQLMYSLFSKKNQVVPFKISNFGFISTLQPLDREKQNIYEFQALVR
DSGIPLLNNTTNVIIEVMDENDNAPYFTFPSVNPFNLDIHYEPQSNNDVTTLRASDRDSH
V
",60
comp181628_c0_seq1,QBA31123.1,99.145,117,1,0,2,352,481,597,2.39e-78,242.0,233.0,M,V,559,">QBA31123.1 protocadherin, partial [Octopus vulgaris]
MLVQISILIFTLRFCMSIDLTYYINEGKSPGTYVGDIAADTMSYDKIPSKDHSQITFSQL
QQDSSTGLQLFNVSKAGRLYTVERLDAESICKYNVECFKIVEVAVKQDESFIIILEVKVI
IKDANDNAPEFPVKMVELKFSEGDGEGMKKFIPNAIDKDVGVHNSQITYNLRKNDIEVPF
NLTVTKKLDGTAKLLIILAKRLDREVKDTYMLRVIAKDGGSPMKQSILSVKILVADVNDN
PPVFTQNIYNVSLRNTHQISIPIAKLSATDLDADKNGQVSYHFSSKTSDQIMKNFQLDKK
SGEIFLSETFSFQKRLTYALYIEARDEGSPPMSSTAILQVNVINQQNNAPSMDVKFMSES
ADNLATISEGVKVGSFIAYVKIIDNDIGQNGIVSCSLVHDKLKLQSLGKKKYKVVVKKAV
DRETEKNINFMITCQDRGFPSLKIERKFSIQITDVNDVQPEFTKDTFKFLTYENEEANFP
VGFINATDPDLGLGGQLMYSLFSKKNQVVPFKISNFGFISTLQPLDREKQNIYEFQALVR
DSGIPLLNNTTNVIIEVMDENDNAPYFTFPSVNPFNLDIHYEPQSNNDVTTLRASDRDSH
V
",60
comp181628_c0_seq1,QBA31123.1,99.145,117,1,0,2,352,481,597,2.39e-78,242.0,249.0,N,S,564,">QBA31123.1 protocadherin, partial [Octopus vulgaris]
MLVQISILIFTLRFCMSIDLTYYINEGKSPGTYVGDIAADTMSYDKIPSKDHSQITFSQL
QQDSSTGLQLFNVSKAGRLYTVERLDAESICKYNVECFKIVEVAVKQDESFIIILEVKVI
IKDANDNAPEFPVKMVELKFSEGDGEGMKKFIPNAIDKDVGVHNSQITYNLRKNDIEVPF
NLTVTKKLDGTAKLLIILAKRLDREVKDTYMLRVIAKDGGSPMKQSILSVKILVADVNDN
PPVFTQNIYNVSLRNTHQISIPIAKLSATDLDADKNGQVSYHFSSKTSDQIMKNFQLDKK
SGEIFLSETFSFQKRLTYALYIEARDEGSPPMSSTAILQVNVINQQNNAPSMDVKFMSES
ADNLATISEGVKVGSFIAYVKIIDNDIGQNGIVSCSLVHDKLKLQSLGKKKYKVVVKKAV
DRETEKNINFMITCQDRGFPSLKIERKFSIQITDVNDVQPEFTKDTFKFLTYENEEANFP
VGFINATDPDLGLGGQLMYSLFSKKNQVVPFKISNFGFISTLQPLDREKQNIYEFQALVR
DSGIPLLNNTTNVIIEVMDENDNAPYFTFPSVNPFNLDIHYEPQSNNDVTTLRASDRDSH
V
",60
comp182649_c0_seq2,QHX41511.1,97.148,561,16,0,2,1684,356,916,0.0,1036.0,576.0,Y,C,548,">QHX41511.1 anoctamin [Octopus vulgaris]
MSSSTDHELLDVSQPMSSYTDNIEFLDSMESLSFYKDFDETAEGRKLYFEDGVRRIDYII
AWNKHSKKMTESQNARSTFHDNLKKEFLELEVDTSDSEIHFMKIHAPFKVLCRYAELLKL
KVPMKETPELLHFAKQYDEQVFYLDTDGTEQVQVVKGDGPIKKLHKLWQQLSEKLKSPFD
YNKEVFKATPKEYKCPFSRDKDYLFAYPENHEAIFSQGMRTRIVDYILRRTSFGDKDAES
YSCGIKKMISDGYYVSAFPLHEGHWKKETKPNIRKDLYDNWGHWSQFLKFQPLHYIKEYF
GEKVGIYFAWLGFYTLMLIPAAIVGFGITIYGLIIMRDNYVSNEICQSTNITMCPLCDHR
CPYWNLSEACSHSRVSAIVDNGATVFFAIFMSFWGTLFLEFWKRKQAVIQWKWNLHYQEE
EEPPRPEYLAKMANDKKYRRDPISQMDEPYIPFWTRQIPIICFSYSLMLFMVSIAIAAVL
GVIAFRVSMLAALQLREENIIYKNAGLMTTVISACINLLIIMILNIIYRRAAFWLTDLEC
LRTQTEYDNSLTFKLFALQFVNYYSSIIYIAFFKGKFVGRPGKYNTIFGARQEECEPGGC
LIELCIQLGIIMTGKQLLQNNLVEILIPKLWKYCMKRWKEAAKKKLPNTPWEKDLLLTDV
DTTTLFYEYLEMILQFGFLTLFVAAFPMGPLFCLINNIIEIRADANKFVTTIKRPTPQIA
TNIGIWYSVLYGISRIAILSNAFIICVTSDFIPQLVYKIGYSLDDNLSGYVENSLAYFNT
SDFEKDHRPLSMPNETLVEICRYRDYRNPPWAENKYEYSEKFWHIFAARMAFVVVFENFV
VVFTSIIAWLIPDVSSKTKELIRQEAYITQKIIMNEELKRAREEARSVNNYKPDQPPSEG
VSRRKPNFFPTADETA
",60
comp182649_c0_seq2,QHX41511.1,97.148,561,16,0,2,1684,356,916,0.0,1036.0,521.0,R,G,530,">QHX41511.1 anoctamin [Octopus vulgaris]
MSSSTDHELLDVSQPMSSYTDNIEFLDSMESLSFYKDFDETAEGRKLYFEDGVRRIDYII
AWNKHSKKMTESQNARSTFHDNLKKEFLELEVDTSDSEIHFMKIHAPFKVLCRYAELLKL
KVPMKETPELLHFAKQYDEQVFYLDTDGTEQVQVVKGDGPIKKLHKLWQQLSEKLKSPFD
YNKEVFKATPKEYKCPFSRDKDYLFAYPENHEAIFSQGMRTRIVDYILRRTSFGDKDAES
YSCGIKKMISDGYYVSAFPLHEGHWKKETKPNIRKDLYDNWGHWSQFLKFQPLHYIKEYF
GEKVGIYFAWLGFYTLMLIPAAIVGFGITIYGLIIMRDNYVSNEICQSTNITMCPLCDHR
CPYWNLSEACSHSRVSAIVDNGATVFFAIFMSFWGTLFLEFWKRKQAVIQWKWNLHYQEE
EEPPRPEYLAKMANDKKYRRDPISQMDEPYIPFWTRQIPIICFSYSLMLFMVSIAIAAVL
GVIAFRVSMLAALQLREENIIYKNAGLMTTVISACINLLIIMILNIIYRRAAFWLTDLEC
LRTQTEYDNSLTFKLFALQFVNYYSSIIYIAFFKGKFVGRPGKYNTIFGARQEECEPGGC
LIELCIQLGIIMTGKQLLQNNLVEILIPKLWKYCMKRWKEAAKKKLPNTPWEKDLLLTDV
DTTTLFYEYLEMILQFGFLTLFVAAFPMGPLFCLINNIIEIRADANKFVTTIKRPTPQIA
TNIGIWYSVLYGISRIAILSNAFIICVTSDFIPQLVYKIGYSLDDNLSGYVENSLAYFNT
SDFEKDHRPLSMPNETLVEICRYRDYRNPPWAENKYEYSEKFWHIFAARMAFVVVFENFV
VVFTSIIAWLIPDVSSKTKELIRQEAYITQKIIMNEELKRAREEARSVNNYKPDQPPSEG
VSRRKPNFFPTADETA
",60
comp182649_c0_seq2,QHX41511.1,97.148,561,16,0,2,1684,356,916,0.0,1036.0,364.0,I,M,478,">QHX41511.1 anoctamin [Octopus vulgaris]
MSSSTDHELLDVSQPMSSYTDNIEFLDSMESLSFYKDFDETAEGRKLYFEDGVRRIDYII
AWNKHSKKMTESQNARSTFHDNLKKEFLELEVDTSDSEIHFMKIHAPFKVLCRYAELLKL
KVPMKETPELLHFAKQYDEQVFYLDTDGTEQVQVVKGDGPIKKLHKLWQQLSEKLKSPFD
YNKEVFKATPKEYKCPFSRDKDYLFAYPENHEAIFSQGMRTRIVDYILRRTSFGDKDAES
YSCGIKKMISDGYYVSAFPLHEGHWKKETKPNIRKDLYDNWGHWSQFLKFQPLHYIKEYF
GEKVGIYFAWLGFYTLMLIPAAIVGFGITIYGLIIMRDNYVSNEICQSTNITMCPLCDHR
CPYWNLSEACSHSRVSAIVDNGATVFFAIFMSFWGTLFLEFWKRKQAVIQWKWNLHYQEE
EEPPRPEYLAKMANDKKYRRDPISQMDEPYIPFWTRQIPIICFSYSLMLFMVSIAIAAVL
GVIAFRVSMLAALQLREENIIYKNAGLMTTVISACINLLIIMILNIIYRRAAFWLTDLEC
LRTQTEYDNSLTFKLFALQFVNYYSSIIYIAFFKGKFVGRPGKYNTIFGARQEECEPGGC
LIELCIQLGIIMTGKQLLQNNLVEILIPKLWKYCMKRWKEAAKKKLPNTPWEKDLLLTDV
DTTTLFYEYLEMILQFGFLTLFVAAFPMGPLFCLINNIIEIRADANKFVTTIKRPTPQIA
TNIGIWYSVLYGISRIAILSNAFIICVTSDFIPQLVYKIGYSLDDNLSGYVENSLAYFNT
SDFEKDHRPLSMPNETLVEICRYRDYRNPPWAENKYEYSEKFWHIFAARMAFVVVFENFV
VVFTSIIAWLIPDVSSKTKELIRQEAYITQKIIMNEELKRAREEARSVNNYKPDQPPSEG
VSRRKPNFFPTADETA
",60
comp182649_c0_seq2,QHX41511.1,97.148,561,16,0,2,1684,356,916,0.0,1036.0,353.0,S,G,474,">QHX41511.1 anoctamin [Octopus vulgaris]
MSSSTDHELLDVSQPMSSYTDNIEFLDSMESLSFYKDFDETAEGRKLYFEDGVRRIDYII
AWNKHSKKMTESQNARSTFHDNLKKEFLELEVDTSDSEIHFMKIHAPFKVLCRYAELLKL
KVPMKETPELLHFAKQYDEQVFYLDTDGTEQVQVVKGDGPIKKLHKLWQQLSEKLKSPFD
YNKEVFKATPKEYKCPFSRDKDYLFAYPENHEAIFSQGMRTRIVDYILRRTSFGDKDAES
YSCGIKKMISDGYYVSAFPLHEGHWKKETKPNIRKDLYDNWGHWSQFLKFQPLHYIKEYF
GEKVGIYFAWLGFYTLMLIPAAIVGFGITIYGLIIMRDNYVSNEICQSTNITMCPLCDHR
CPYWNLSEACSHSRVSAIVDNGATVFFAIFMSFWGTLFLEFWKRKQAVIQWKWNLHYQEE
EEPPRPEYLAKMANDKKYRRDPISQMDEPYIPFWTRQIPIICFSYSLMLFMVSIAIAAVL
GVIAFRVSMLAALQLREENIIYKNAGLMTTVISACINLLIIMILNIIYRRAAFWLTDLEC
LRTQTEYDNSLTFKLFALQFVNYYSSIIYIAFFKGKFVGRPGKYNTIFGARQEECEPGGC
LIELCIQLGIIMTGKQLLQNNLVEILIPKLWKYCMKRWKEAAKKKLPNTPWEKDLLLTDV
DTTTLFYEYLEMILQFGFLTLFVAAFPMGPLFCLINNIIEIRADANKFVTTIKRPTPQIA
TNIGIWYSVLYGISRIAILSNAFIICVTSDFIPQLVYKIGYSLDDNLSGYVENSLAYFNT
SDFEKDHRPLSMPNETLVEICRYRDYRNPPWAENKYEYSEKFWHIFAARMAFVVVFENFV
VVFTSIIAWLIPDVSSKTKELIRQEAYITQKIIMNEELKRAREEARSVNNYKPDQPPSEG
VSRRKPNFFPTADETA
",60
comp182649_c0_seq2,QHX41511.1,97.148,561,16,0,2,1684,356,916,0.0,1036.0,347.0,M,V,472,">QHX41511.1 anoctamin [Octopus vulgaris]
MSSSTDHELLDVSQPMSSYTDNIEFLDSMESLSFYKDFDETAEGRKLYFEDGVRRIDYII
AWNKHSKKMTESQNARSTFHDNLKKEFLELEVDTSDSEIHFMKIHAPFKVLCRYAELLKL
KVPMKETPELLHFAKQYDEQVFYLDTDGTEQVQVVKGDGPIKKLHKLWQQLSEKLKSPFD
YNKEVFKATPKEYKCPFSRDKDYLFAYPENHEAIFSQGMRTRIVDYILRRTSFGDKDAES
YSCGIKKMISDGYYVSAFPLHEGHWKKETKPNIRKDLYDNWGHWSQFLKFQPLHYIKEYF
GEKVGIYFAWLGFYTLMLIPAAIVGFGITIYGLIIMRDNYVSNEICQSTNITMCPLCDHR
CPYWNLSEACSHSRVSAIVDNGATVFFAIFMSFWGTLFLEFWKRKQAVIQWKWNLHYQEE
EEPPRPEYLAKMANDKKYRRDPISQMDEPYIPFWTRQIPIICFSYSLMLFMVSIAIAAVL
GVIAFRVSMLAALQLREENIIYKNAGLMTTVISACINLLIIMILNIIYRRAAFWLTDLEC
LRTQTEYDNSLTFKLFALQFVNYYSSIIYIAFFKGKFVGRPGKYNTIFGARQEECEPGGC
LIELCIQLGIIMTGKQLLQNNLVEILIPKLWKYCMKRWKEAAKKKLPNTPWEKDLLLTDV
DTTTLFYEYLEMILQFGFLTLFVAAFPMGPLFCLINNIIEIRADANKFVTTIKRPTPQIA
TNIGIWYSVLYGISRIAILSNAFIICVTSDFIPQLVYKIGYSLDDNLSGYVENSLAYFNT
SDFEKDHRPLSMPNETLVEICRYRDYRNPPWAENKYEYSEKFWHIFAARMAFVVVFENFV
VVFTSIIAWLIPDVSSKTKELIRQEAYITQKIIMNEELKRAREEARSVNNYKPDQPPSEG
VSRRKPNFFPTADETA
",60
comp94114_c0_seq1,UUA79808.1,95.714,70,3,0,2,211,229,298,2.8e-47,153.0,83.0,T,A,257,">UUA79808.1 tubulin alpha-1a chain [Octopus vulgaris]
MYRQLFHPEQLITGKEDAANNYARGHYTIGREIIDLVLDRIRKLSDQCTGLQGFLVFHSF
GGGTGSGFSSLLMERLSVDYGKKSKLEFSVYPAPQISTAVVEPYNSILTTHTTLEHSDCA
FMVDNEAIYDICRRNLDIERPSYTNLNRLIGQIVSSITASLRFDGALNVDLTEFQTNLVP
YPRIHFPLATYAPIISAEKAYHEQLTVAEITNSCFEPANQMVKCDPRHGKYMACCMLYRG
DVVPKDVNAAIATIKTKRSIQFVDWCPTGFKVGINYQPPTVVPGGDLAKVQRAVCMLSNT
TAVAEAWARLDHKFDLMYAKRAFVHWYVGEGMEEGEFSEAREDLAALEKDYEEVGVDTYA
AEDEAEDEEY
",60
comp178797_c4_seq2,QBA31104.1,99.076,433,4,0,2,1300,99,531,0.0,840.0,188.0,N,D,162,">QBA31104.1 protocadherin, partial [Octopus vulgaris]
MKTHLRSMLTQVCLVLFLLHKSCCVDFIYHVEEGQNSGTYVGDIGSDVHLINNVLIEELG
LVSFSQLEQDVNSSNQLFTVFKSGKLYTGQKLDAESLCKYNTECFRMVDVAVQKEESFIK
LLEIKVIIEDANDHKPVFPKKQINLQFDEGDGKGMIKSIPNAIDKDVGVINSQITYQLEK
HDGDPFTLSESKRVDGSSSLGITLENKLDREKKDTYMLKVIARDGGSPPQEGHLNVLITV
TDVNDNPPHFSQNLYNVSVNNGYHKDMRVAQVSASDLDSGKNGQVSYYFSSKTSDAAKSN
FALNENTGEIFLVKTFGQRKKLLYKLFIEATDNGSPPLSSIATVLVNVLNQQNNPPQIDV
KFVSKSTGITARFSEGIKVGSFIAFVKVTDNDAGQNGEVTCDLKHDKFLLQSLGKMKYKV
VVKNPVDRETESYINFTISCQDKGFPSLKTERNFSIQVMDINDVQPHFSKELFKFLTYEN
EKPFFPIGFINVTDQDLGEGGQLSYSLLDKNKHVLPFEISNFGFISTTQSLDREQLEIYE
FQVLVKDNGTPSLNNTGNVIVEVMDEN
",60
comp178797_c4_seq2,QBA31104.1,99.076,433,4,0,2,1300,99,531,0.0,840.0,419.0,I,V,239,">QBA31104.1 protocadherin, partial [Octopus vulgaris]
MKTHLRSMLTQVCLVLFLLHKSCCVDFIYHVEEGQNSGTYVGDIGSDVHLINNVLIEELG
LVSFSQLEQDVNSSNQLFTVFKSGKLYTGQKLDAESLCKYNTECFRMVDVAVQKEESFIK
LLEIKVIIEDANDHKPVFPKKQINLQFDEGDGKGMIKSIPNAIDKDVGVINSQITYQLEK
HDGDPFTLSESKRVDGSSSLGITLENKLDREKKDTYMLKVIARDGGSPPQEGHLNVLITV
TDVNDNPPHFSQNLYNVSVNNGYHKDMRVAQVSASDLDSGKNGQVSYYFSSKTSDAAKSN
FALNENTGEIFLVKTFGQRKKLLYKLFIEATDNGSPPLSSIATVLVNVLNQQNNPPQIDV
KFVSKSTGITARFSEGIKVGSFIAFVKVTDNDAGQNGEVTCDLKHDKFLLQSLGKMKYKV
VVKNPVDRETESYINFTISCQDKGFPSLKTERNFSIQVMDINDVQPHFSKELFKFLTYEN
EKPFFPIGFINVTDQDLGEGGQLSYSLLDKNKHVLPFEISNFGFISTTQSLDREQLEIYE
FQVLVKDNGTPSLNNTGNVIVEVMDEN
",60
comp178797_c4_seq2,QBA31104.1,99.076,433,4,0,2,1300,99,531,0.0,840.0,960.0,Y,C,419,">QBA31104.1 protocadherin, partial [Octopus vulgaris]
MKTHLRSMLTQVCLVLFLLHKSCCVDFIYHVEEGQNSGTYVGDIGSDVHLINNVLIEELG
LVSFSQLEQDVNSSNQLFTVFKSGKLYTGQKLDAESLCKYNTECFRMVDVAVQKEESFIK
LLEIKVIIEDANDHKPVFPKKQINLQFDEGDGKGMIKSIPNAIDKDVGVINSQITYQLEK
HDGDPFTLSESKRVDGSSSLGITLENKLDREKKDTYMLKVIARDGGSPPQEGHLNVLITV
TDVNDNPPHFSQNLYNVSVNNGYHKDMRVAQVSASDLDSGKNGQVSYYFSSKTSDAAKSN
FALNENTGEIFLVKTFGQRKKLLYKLFIEATDNGSPPLSSIATVLVNVLNQQNNPPQIDV
KFVSKSTGITARFSEGIKVGSFIAFVKVTDNDAGQNGEVTCDLKHDKFLLQSLGKMKYKV
VVKNPVDRETESYINFTISCQDKGFPSLKTERNFSIQVMDINDVQPHFSKELFKFLTYEN
EKPFFPIGFINVTDQDLGEGGQLSYSLLDKNKHVLPFEISNFGFISTTQSLDREQLEIYE
FQVLVKDNGTPSLNNTGNVIVEVMDEN
",60
comp178797_c4_seq2,QBA31104.1,99.076,433,4,0,2,1300,99,531,0.0,840.0,1019.0,I,V,439,">QBA31104.1 protocadherin, partial [Octopus vulgaris]
MKTHLRSMLTQVCLVLFLLHKSCCVDFIYHVEEGQNSGTYVGDIGSDVHLINNVLIEELG
LVSFSQLEQDVNSSNQLFTVFKSGKLYTGQKLDAESLCKYNTECFRMVDVAVQKEESFIK
LLEIKVIIEDANDHKPVFPKKQINLQFDEGDGKGMIKSIPNAIDKDVGVINSQITYQLEK
HDGDPFTLSESKRVDGSSSLGITLENKLDREKKDTYMLKVIARDGGSPPQEGHLNVLITV
TDVNDNPPHFSQNLYNVSVNNGYHKDMRVAQVSASDLDSGKNGQVSYYFSSKTSDAAKSN
FALNENTGEIFLVKTFGQRKKLLYKLFIEATDNGSPPLSSIATVLVNVLNQQNNPPQIDV
KFVSKSTGITARFSEGIKVGSFIAFVKVTDNDAGQNGEVTCDLKHDKFLLQSLGKMKYKV
VVKNPVDRETESYINFTISCQDKGFPSLKTERNFSIQVMDINDVQPHFSKELFKFLTYEN
EKPFFPIGFINVTDQDLGEGGQLSYSLLDKNKHVLPFEISNFGFISTTQSLDREQLEIYE
FQVLVKDNGTPSLNNTGNVIVEVMDEN
",60
comp146813_c1_seq1,QBA31127.1,97.448,431,11,0,2,1294,136,566,0.0,815.0,1076.0,I,V,495,">QBA31127.1 protocadherin, partial [Octopus vulgaris]
MLQLINSADTRGNMLVLVYILHLFLHTCMCVDLAYPVQEEKSPGTYIGDIAADSQLLNSV
SSQDHNLITFNQLSQKETSQLFNISKSGKLFTSQKLDAESLCSYSTECSRTIKVAVKQAE
TFIKILKIKVTIEDVNDHQPEFPVKQIKLIFDESHGKGTAKSIPNAVDEDVGIMNSKISY
RLKKHDNEPFRLSVSKKVDGTSKLRISLDEKLDRESKDSYFLQLVAEDGGFPSQHGILNI
EISVIDVNDNPPIFSKDIYNVSIKNTHHRASPVTVLSATDLDSGDNGRIIYHFSSKTSEI
VKNSFQLNNVTGEIFFLNVFPVTQTRKYKLFVEATDRGTPPLSSIVLLLVNVINQQNRAP
EIDVNFVSALKKNTAAISERIKVGSFIAYVSVIDNDVGLNGEVTCDLKSDKFQLLKISSK
EYKVLMKNTVDRETESNYNISIICRDKGSPALKTERKFSIQVMDVNDVQPKFTKDTFKFL
TYENEKSNFPVGFINATDLDLGNGGQLTYFIIDRNNMFPFQITDYGFISTIRSLDRERRD
IYKFRVLVKDNGTPSLNSTANVIVEVMDENDNAPYFTFPSVNPFSLDVHYHPQSKNDITV
LRASDRDSRENAFLKYEMLDRKNHQLFTVNPYTGVLSFARKVYQND
",60
comp146813_c1_seq1,QBA31127.1,97.448,431,11,0,2,1294,136,566,0.0,815.0,936.0,K,R,448,">QBA31127.1 protocadherin, partial [Octopus vulgaris]
MLQLINSADTRGNMLVLVYILHLFLHTCMCVDLAYPVQEEKSPGTYIGDIAADSQLLNSV
SSQDHNLITFNQLSQKETSQLFNISKSGKLFTSQKLDAESLCSYSTECSRTIKVAVKQAE
TFIKILKIKVTIEDVNDHQPEFPVKQIKLIFDESHGKGTAKSIPNAVDEDVGIMNSKISY
RLKKHDNEPFRLSVSKKVDGTSKLRISLDEKLDRESKDSYFLQLVAEDGGFPSQHGILNI
EISVIDVNDNPPIFSKDIYNVSIKNTHHRASPVTVLSATDLDSGDNGRIIYHFSSKTSEI
VKNSFQLNNVTGEIFFLNVFPVTQTRKYKLFVEATDRGTPPLSSIVLLLVNVINQQNRAP
EIDVNFVSALKKNTAAISERIKVGSFIAYVSVIDNDVGLNGEVTCDLKSDKFQLLKISSK
EYKVLMKNTVDRETESNYNISIICRDKGSPALKTERKFSIQVMDVNDVQPKFTKDTFKFL
TYENEKSNFPVGFINATDLDLGNGGQLTYFIIDRNNMFPFQITDYGFISTIRSLDRERRD
IYKFRVLVKDNGTPSLNSTANVIVEVMDENDNAPYFTFPSVNPFSLDVHYHPQSKNDITV
LRASDRDSRENAFLKYEMLDRKNHQLFTVNPYTGVLSFARKVYQND
",60
comp146813_c1_seq1,QBA31127.1,97.448,431,11,0,2,1294,136,566,0.0,815.0,741.0,K,R,383,">QBA31127.1 protocadherin, partial [Octopus vulgaris]
MLQLINSADTRGNMLVLVYILHLFLHTCMCVDLAYPVQEEKSPGTYIGDIAADSQLLNSV
SSQDHNLITFNQLSQKETSQLFNISKSGKLFTSQKLDAESLCSYSTECSRTIKVAVKQAE
TFIKILKIKVTIEDVNDHQPEFPVKQIKLIFDESHGKGTAKSIPNAVDEDVGIMNSKISY
RLKKHDNEPFRLSVSKKVDGTSKLRISLDEKLDRESKDSYFLQLVAEDGGFPSQHGILNI
EISVIDVNDNPPIFSKDIYNVSIKNTHHRASPVTVLSATDLDSGDNGRIIYHFSSKTSEI
VKNSFQLNNVTGEIFFLNVFPVTQTRKYKLFVEATDRGTPPLSSIVLLLVNVINQQNRAP
EIDVNFVSALKKNTAAISERIKVGSFIAYVSVIDNDVGLNGEVTCDLKSDKFQLLKISSK
EYKVLMKNTVDRETESNYNISIICRDKGSPALKTERKFSIQVMDVNDVQPKFTKDTFKFL
TYENEKSNFPVGFINATDLDLGNGGQLTYFIIDRNNMFPFQITDYGFISTIRSLDRERRD
IYKFRVLVKDNGTPSLNSTANVIVEVMDENDNAPYFTFPSVNPFSLDVHYHPQSKNDITV
LRASDRDSRENAFLKYEMLDRKNHQLFTVNPYTGVLSFARKVYQND
",60
comp146813_c1_seq1,QBA31127.1,97.448,431,11,0,2,1294,136,566,0.0,815.0,476.0,S,G,295,">QBA31127.1 protocadherin, partial [Octopus vulgaris]
MLQLINSADTRGNMLVLVYILHLFLHTCMCVDLAYPVQEEKSPGTYIGDIAADSQLLNSV
SSQDHNLITFNQLSQKETSQLFNISKSGKLFTSQKLDAESLCSYSTECSRTIKVAVKQAE
TFIKILKIKVTIEDVNDHQPEFPVKQIKLIFDESHGKGTAKSIPNAVDEDVGIMNSKISY
RLKKHDNEPFRLSVSKKVDGTSKLRISLDEKLDRESKDSYFLQLVAEDGGFPSQHGILNI
EISVIDVNDNPPIFSKDIYNVSIKNTHHRASPVTVLSATDLDSGDNGRIIYHFSSKTSEI
VKNSFQLNNVTGEIFFLNVFPVTQTRKYKLFVEATDRGTPPLSSIVLLLVNVINQQNRAP
EIDVNFVSALKKNTAAISERIKVGSFIAYVSVIDNDVGLNGEVTCDLKSDKFQLLKISSK
EYKVLMKNTVDRETESNYNISIICRDKGSPALKTERKFSIQVMDVNDVQPKFTKDTFKFL
TYENEKSNFPVGFINATDLDLGNGGQLTYFIIDRNNMFPFQITDYGFISTIRSLDRERRD
IYKFRVLVKDNGTPSLNSTANVIVEVMDENDNAPYFTFPSVNPFSLDVHYHPQSKNDITV
LRASDRDSRENAFLKYEMLDRKNHQLFTVNPYTGVLSFARKVYQND
",60
comp146813_c1_seq1,QBA31127.1,97.448,431,11,0,2,1294,136,566,0.0,815.0,183.0,K,R,197,">QBA31127.1 protocadherin, partial [Octopus vulgaris]
MLQLINSADTRGNMLVLVYILHLFLHTCMCVDLAYPVQEEKSPGTYIGDIAADSQLLNSV
SSQDHNLITFNQLSQKETSQLFNISKSGKLFTSQKLDAESLCSYSTECSRTIKVAVKQAE
TFIKILKIKVTIEDVNDHQPEFPVKQIKLIFDESHGKGTAKSIPNAVDEDVGIMNSKISY
RLKKHDNEPFRLSVSKKVDGTSKLRISLDEKLDRESKDSYFLQLVAEDGGFPSQHGILNI
EISVIDVNDNPPIFSKDIYNVSIKNTHHRASPVTVLSATDLDSGDNGRIIYHFSSKTSEI
VKNSFQLNNVTGEIFFLNVFPVTQTRKYKLFVEATDRGTPPLSSIVLLLVNVINQQNRAP
EIDVNFVSALKKNTAAISERIKVGSFIAYVSVIDNDVGLNGEVTCDLKSDKFQLLKISSK
EYKVLMKNTVDRETESNYNISIICRDKGSPALKTERKFSIQVMDVNDVQPKFTKDTFKFL
TYENEKSNFPVGFINATDLDLGNGGQLTYFIIDRNNMFPFQITDYGFISTIRSLDRERRD
IYKFRVLVKDNGTPSLNSTANVIVEVMDENDNAPYFTFPSVNPFSLDVHYHPQSKNDITV
LRASDRDSRENAFLKYEMLDRKNHQLFTVNPYTGVLSFARKVYQND
",60
comp181969_c0_seq2,AEX97735.1,100.0,348,0,0,3,1046,136,483,0.0,617.0,96.0,I,V,168,">AEX97735.1 potassium channel Kv1, partial [Octopus vulgaris]
MRDLTIGSLDLKNPDEENNQLDAGSGSLRMYKRSDRVIINVSGLRFETQTRTLSQFPDTL
LGNPKKRNRYYDPYRNEYFFDRNRPSFDAILYFYHSGGRLRRPSNVPLDIFLEEIKFFEL
GEEVIEKYRAEEGFIKEEEKPLPENEFQRRVWLLVEHPESSTPARVIAIMSVSIIVISIV
TFCLETLPEFKRYELLNDTIIVDDAMPKFGTPFFIIETGCIIWFTMELLIRFASCPVKLD
FFKDSMNAIDIVSIIPYFITLGTVIQNDTNSQDKQNMSLAILRVIRLVRVFRIFKLSRHS
KGLQILGQTLKASLRELGLLIFFLVIGVVLFSSAVYFAEVDTEESHFKSIPDSFWWAVVT
MTTVGYGDMSPIGVYGKLVGSLCAIAGVLTIALPVPVIVSNFNYFYHRDTESTDDKERYH
HVTSATGYYDEKISSYTSEVESDIMEIDEASMYTEKWKEGHISNTNNIGFNHIKNNLSMQ
TDV
",60
comp181969_c0_seq2,AEX97735.1,100.0,348,0,0,3,1046,136,483,0.0,617.0,105.0,M,V,171,">AEX97735.1 potassium channel Kv1, partial [Octopus vulgaris]
MRDLTIGSLDLKNPDEENNQLDAGSGSLRMYKRSDRVIINVSGLRFETQTRTLSQFPDTL
LGNPKKRNRYYDPYRNEYFFDRNRPSFDAILYFYHSGGRLRRPSNVPLDIFLEEIKFFEL
GEEVIEKYRAEEGFIKEEEKPLPENEFQRRVWLLVEHPESSTPARVIAIMSVSIIVISIV
TFCLETLPEFKRYELLNDTIIVDDAMPKFGTPFFIIETGCIIWFTMELLIRFASCPVKLD
FFKDSMNAIDIVSIIPYFITLGTVIQNDTNSQDKQNMSLAILRVIRLVRVFRIFKLSRHS
KGLQILGQTLKASLRELGLLIFFLVIGVVLFSSAVYFAEVDTEESHFKSIPDSFWWAVVT
MTTVGYGDMSPIGVYGKLVGSLCAIAGVLTIALPVPVIVSNFNYFYHRDTESTDDKERYH
HVTSATGYYDEKISSYTSEVESDIMEIDEASMYTEKWKEGHISNTNNIGFNHIKNNLSMQ
TDV
",60
comp181969_c0_seq2,AEX97735.1,100.0,348,0,0,3,1046,136,483,0.0,617.0,558.0,I,V,322,">AEX97735.1 potassium channel Kv1, partial [Octopus vulgaris]
MRDLTIGSLDLKNPDEENNQLDAGSGSLRMYKRSDRVIINVSGLRFETQTRTLSQFPDTL
LGNPKKRNRYYDPYRNEYFFDRNRPSFDAILYFYHSGGRLRRPSNVPLDIFLEEIKFFEL
GEEVIEKYRAEEGFIKEEEKPLPENEFQRRVWLLVEHPESSTPARVIAIMSVSIIVISIV
TFCLETLPEFKRYELLNDTIIVDDAMPKFGTPFFIIETGCIIWFTMELLIRFASCPVKLD
FFKDSMNAIDIVSIIPYFITLGTVIQNDTNSQDKQNMSLAILRVIRLVRVFRIFKLSRHS
KGLQILGQTLKASLRELGLLIFFLVIGVVLFSSAVYFAEVDTEESHFKSIPDSFWWAVVT
MTTVGYGDMSPIGVYGKLVGSLCAIAGVLTIALPVPVIVSNFNYFYHRDTESTDDKERYH
HVTSATGYYDEKISSYTSEVESDIMEIDEASMYTEKWKEGHISNTNNIGFNHIKNNLSMQ
TDV
",60
comp181969_c0_seq2,AEX97735.1,100.0,348,0,0,3,1046,136,483,0.0,617.0,711.0,I,V,373,">AEX97735.1 potassium channel Kv1, partial [Octopus vulgaris]
MRDLTIGSLDLKNPDEENNQLDAGSGSLRMYKRSDRVIINVSGLRFETQTRTLSQFPDTL
LGNPKKRNRYYDPYRNEYFFDRNRPSFDAILYFYHSGGRLRRPSNVPLDIFLEEIKFFEL
GEEVIEKYRAEEGFIKEEEKPLPENEFQRRVWLLVEHPESSTPARVIAIMSVSIIVISIV
TFCLETLPEFKRYELLNDTIIVDDAMPKFGTPFFIIETGCIIWFTMELLIRFASCPVKLD
FFKDSMNAIDIVSIIPYFITLGTVIQNDTNSQDKQNMSLAILRVIRLVRVFRIFKLSRHS
KGLQILGQTLKASLRELGLLIFFLVIGVVLFSSAVYFAEVDTEESHFKSIPDSFWWAVVT
MTTVGYGDMSPIGVYGKLVGSLCAIAGVLTIALPVPVIVSNFNYFYHRDTESTDDKERYH
HVTSATGYYDEKISSYTSEVESDIMEIDEASMYTEKWKEGHISNTNNIGFNHIKNNLSMQ
TDV
",60
comp181969_c0_seq2,AEX97735.1,100.0,348,0,0,3,1046,136,483,0.0,617.0,713.0,I,M,374,">AEX97735.1 potassium channel Kv1, partial [Octopus vulgaris]
MRDLTIGSLDLKNPDEENNQLDAGSGSLRMYKRSDRVIINVSGLRFETQTRTLSQFPDTL
LGNPKKRNRYYDPYRNEYFFDRNRPSFDAILYFYHSGGRLRRPSNVPLDIFLEEIKFFEL
GEEVIEKYRAEEGFIKEEEKPLPENEFQRRVWLLVEHPESSTPARVIAIMSVSIIVISIV
TFCLETLPEFKRYELLNDTIIVDDAMPKFGTPFFIIETGCIIWFTMELLIRFASCPVKLD
FFKDSMNAIDIVSIIPYFITLGTVIQNDTNSQDKQNMSLAILRVIRLVRVFRIFKLSRHS
KGLQILGQTLKASLRELGLLIFFLVIGVVLFSSAVYFAEVDTEESHFKSIPDSFWWAVVT
MTTVGYGDMSPIGVYGKLVGSLCAIAGVLTIALPVPVIVSNFNYFYHRDTESTDDKERYH
HVTSATGYYDEKISSYTSEVESDIMEIDEASMYTEKWKEGHISNTNNIGFNHIKNNLSMQ
TDV
",60
comp181969_c0_seq2,AEX97735.1,100.0,348,0,0,3,1046,136,483,0.0,617.0,834.0,T,A,414,">AEX97735.1 potassium channel Kv1, partial [Octopus vulgaris]
MRDLTIGSLDLKNPDEENNQLDAGSGSLRMYKRSDRVIINVSGLRFETQTRTLSQFPDTL
LGNPKKRNRYYDPYRNEYFFDRNRPSFDAILYFYHSGGRLRRPSNVPLDIFLEEIKFFEL
GEEVIEKYRAEEGFIKEEEKPLPENEFQRRVWLLVEHPESSTPARVIAIMSVSIIVISIV
TFCLETLPEFKRYELLNDTIIVDDAMPKFGTPFFIIETGCIIWFTMELLIRFASCPVKLD
FFKDSMNAIDIVSIIPYFITLGTVIQNDTNSQDKQNMSLAILRVIRLVRVFRIFKLSRHS
KGLQILGQTLKASLRELGLLIFFLVIGVVLFSSAVYFAEVDTEESHFKSIPDSFWWAVVT
MTTVGYGDMSPIGVYGKLVGSLCAIAGVLTIALPVPVIVSNFNYFYHRDTESTDDKERYH
HVTSATGYYDEKISSYTSEVESDIMEIDEASMYTEKWKEGHISNTNNIGFNHIKNNLSMQ
TDV
",60
